fileId,fileUrls from query MYD021KM--6 2017-10-23..2017-11-06 2014-02-08..2014-12-31 x116.38y39.97 x116.38y39.97[5],size
1198956387,/archive/allData/6/MYD021KM/2014/039/MYD021KM.A2014039.0540.006.2014039165041.hdf,143812255
1199727466,/archive/allData/6/MYD021KM/2014/040/MYD021KM.A2014040.0440.006.2014040155854.hdf,144377920
1199728232,/archive/allData/6/MYD021KM/2014/040/MYD021KM.A2014040.0445.006.2014040160245.hdf,144088821
1199812033,/archive/allData/6/MYD021KM/2014/040/MYD021KM.A2014040.0620.006.2014040193245.hdf,144864709
1200686195,/archive/allData/6/MYD021KM/2014/041/MYD021KM.A2014041.0350.006.2014041174345.hdf,140765564
1200686198,/archive/allData/6/MYD021KM/2014/041/MYD021KM.A2014041.0525.006.2014041174345.hdf,143005648
1201394229,/archive/allData/6/MYD021KM/2014/042/MYD021KM.A2014042.0430.006.2014042181807.hdf,149620567
1201439926,/archive/allData/6/MYD021KM/2014/042/MYD021KM.A2014042.0610.006.2014042194848.hdf,144744492
1201924928,/archive/allData/6/MYD021KM/2014/043/MYD021KM.A2014043.0515.006.2014043165234.hdf,143485387
1202600937,/archive/allData/6/MYD021KM/2014/044/MYD021KM.A2014044.0555.006.2014044192855.hdf,142513641
1202605883,/archive/allData/6/MYD021KM/2014/044/MYD021KM.A2014044.0420.006.2014044193847.hdf,145403520
1202609243,/archive/allData/6/MYD021KM/2014/044/MYD021KM.A2014044.0600.006.2014044194756.hdf,142166715
1203110706,/archive/allData/6/MYD021KM/2014/045/MYD021KM.A2014045.0500.006.2014045172039.hdf,145505969
1203483874,/archive/allData/6/MYD021KM/2014/046/MYD021KM.A2014046.0545.006.2014046184733.hdf,145101374
1203634531,/archive/allData/6/MYD021KM/2014/047/MYD021KM.A2014047.0450.006.2014047174920.hdf,144403208
1203784468,/archive/allData/6/MYD021KM/2014/048/MYD021KM.A2014048.0535.006.2014048184245.hdf,141994218
1203785540,/archive/allData/6/MYD021KM/2014/048/MYD021KM.A2014048.0355.006.2014048184504.hdf,145617975
1203786197,/archive/allData/6/MYD021KM/2014/048/MYD021KM.A2014048.0530.006.2014048184900.hdf,134658827
1204075774,/archive/allData/6/MYD021KM/2014/049/MYD021KM.A2014049.0435.006.2014049180824.hdf,139349660
1204119879,/archive/allData/6/MYD021KM/2014/049/MYD021KM.A2014049.0615.006.2014049195447.hdf,147106876
1204753663,/archive/allData/6/MYD021KM/2014/050/MYD021KM.A2014050.0520.006.2014050202008.hdf,145238276
1205502218,/archive/allData/6/MYD021KM/2014/051/MYD021KM.A2014051.0425.006.2014051175216.hdf,146635320
1205564238,/archive/allData/6/MYD021KM/2014/051/MYD021KM.A2014051.0605.006.2014051192300.hdf,147308169
1206404835,/archive/allData/6/MYD021KM/2014/052/MYD021KM.A2014052.0510.006.2014052083954.hdf,142592332
1206405905,/archive/allData/6/MYD021KM/2014/052/MYD021KM.A2014052.0505.006.2014052175225.hdf,154400105
1207020354,/archive/allData/6/MYD021KM/2014/053/MYD021KM.A2014053.0550.006.2014053225440.hdf,144735898
1207021280,/archive/allData/6/MYD021KM/2014/053/MYD021KM.A2014053.0415.006.2014053225509.hdf,141973896
1207325882,/archive/allData/6/MYD021KM/2014/054/MYD021KM.A2014054.0455.006.2014054173938.hdf,145150310
1207668233,/archive/allData/6/MYD021KM/2014/055/MYD021KM.A2014055.0540.006.2014055191550.hdf,144760552
1208326261,/archive/allData/6/MYD021KM/2014/056/MYD021KM.A2014056.0445.006.2014056163321.hdf,142249204
1208326458,/archive/allData/6/MYD021KM/2014/056/MYD021KM.A2014056.0440.006.2014056163133.hdf,149939767
1208468298,/archive/allData/6/MYD021KM/2014/056/MYD021KM.A2014056.0620.006.2014056194753.hdf,151765185
1209211581,/archive/allData/6/MYD021KM/2014/057/MYD021KM.A2014057.0350.006.2014057173511.hdf,138949325
1209215842,/archive/allData/6/MYD021KM/2014/057/MYD021KM.A2014057.0525.006.2014057173721.hdf,140171048
1211407766,/archive/allData/6/MYD021KM/2014/058/MYD021KM.A2014058.0430.006.2014058110740.hdf,148785187
1211461519,/archive/allData/6/MYD021KM/2014/058/MYD021KM.A2014058.0610.006.2014058201744.hdf,147123227
1213252807,/archive/allData/6/MYD021KM/2014/059/MYD021KM.A2014059.0515.006.2014059180838.hdf,145251434
1214998499,/archive/allData/6/MYD021KM/2014/060/MYD021KM.A2014060.0420.006.2014060181849.hdf,143588177
1215001043,/archive/allData/6/MYD021KM/2014/060/MYD021KM.A2014060.0555.006.2014060182041.hdf,141792832
1215123627,/archive/allData/6/MYD021KM/2014/060/MYD021KM.A2014060.0600.006.2014060193735.hdf,145534184
1216719321,/archive/allData/6/MYD021KM/2014/061/MYD021KM.A2014061.0500.006.2014061180625.hdf,148672898
1219677933,/archive/allData/6/MYD021KM/2014/062/MYD021KM.A2014062.0545.006.2014062091638.hdf,147439180
1219999204,/archive/allData/6/MYD021KM/2014/063/MYD021KM.A2014063.0450.006.2014063183051.hdf,144526988
1221630679,/archive/allData/6/MYD021KM/2014/064/MYD021KM.A2014064.0355.006.2014064170639.hdf,142523119
1221671639,/archive/allData/6/MYD021KM/2014/064/MYD021KM.A2014064.0530.006.2014064175013.hdf,142006417
1221676813,/archive/allData/6/MYD021KM/2014/064/MYD021KM.A2014064.0535.006.2014064125426.hdf,145160380
1223361800,/archive/allData/6/MYD021KM/2014/065/MYD021KM.A2014065.0435.006.2014065184455.hdf,151701162
1223421986,/archive/allData/6/MYD021KM/2014/065/MYD021KM.A2014065.0615.006.2014065095517.hdf,147959493
1228430189,/archive/allData/6/MYD021KM/2014/068/MYD021KM.A2014068.0505.006.2014067162945.hdf,144627548
1228430877,/archive/allData/6/MYD021KM/2014/068/MYD021KM.A2014068.0510.006.2014068155906.hdf,143710153
1229613429,/archive/allData/6/MYD021KM/2014/067/MYD021KM.A2014067.0600.006.2014068095854.hdf,141945053
1229618325,/archive/allData/6/MYD021KM/2014/067/MYD021KM.A2014067.0425.006.2014069123244.hdf,146005388
1229621936,/archive/allData/6/MYD021KM/2014/067/MYD021KM.A2014067.0605.006.2014069123545.hdf,145241675
1229972139,/archive/allData/6/MYD021KM/2014/069/MYD021KM.A2014069.0550.006.2014069163322.hdf,149707710
1231265438,/archive/allData/6/MYD021KM/2014/066/MYD021KM.A2014066.0520.006.2014070130918.hdf,146533676
1249439248,/archive/allData/6/MYD021KM/2014/076/MYD021KM.A2014076.0600.006.2014080123530.hdf,146280988
1249452290,/archive/allData/6/MYD021KM/2014/076/MYD021KM.A2014076.0420.006.2014080124732.hdf,144991557
1249453539,/archive/allData/6/MYD021KM/2014/075/MYD021KM.A2014075.0515.006.2014080124646.hdf,148701159
1249456050,/archive/allData/6/MYD021KM/2014/076/MYD021KM.A2014076.0555.006.2014080125741.hdf,153205631
1249916319,/archive/allData/6/MYD021KM/2014/077/MYD021KM.A2014077.0500.006.2014080204747.hdf,150050825
1249969835,/archive/allData/6/MYD021KM/2014/078/MYD021KM.A2014078.0545.006.2014080161207.hdf,148937952
1250161347,/archive/allData/6/MYD021KM/2014/079/MYD021KM.A2014079.0450.006.2014081010348.hdf,150417036
1250302292,/archive/allData/6/MYD021KM/2014/080/MYD021KM.A2014080.0355.006.2014080103333.hdf,148051092
1250321047,/archive/allData/6/MYD021KM/2014/080/MYD021KM.A2014080.0530.006.2014080103641.hdf,148566293
1250327153,/archive/allData/6/MYD021KM/2014/080/MYD021KM.A2014080.0535.006.2014081033623.hdf,148901847
1251312632,/archive/allData/6/MYD021KM/2014/081/MYD021KM.A2014081.0435.006.2014081160029.hdf,154703335
1251556104,/archive/allData/6/MYD021KM/2014/081/MYD021KM.A2014081.0615.006.2014081192117.hdf,150098862
1252473253,/archive/allData/6/MYD021KM/2014/082/MYD021KM.A2014082.0520.006.2014082153605.hdf,149955980
1254125765,/archive/allData/6/MYD021KM/2014/070/MYD021KM.A2014070.0455.006.2014083133548.hdf,144354981
1254151068,/archive/allData/6/MYD021KM/2014/071/MYD021KM.A2014071.0540.006.2014083143201.hdf,146249556
1254314643,/archive/allData/6/MYD021KM/2014/072/MYD021KM.A2014072.0445.006.2014083185505.hdf,144636620
1254319160,/archive/allData/6/MYD021KM/2014/072/MYD021KM.A2014072.0440.006.2014083185859.hdf,142997394
1254321351,/archive/allData/6/MYD021KM/2014/072/MYD021KM.A2014072.0620.006.2014083190108.hdf,148591614
1254371559,/archive/allData/6/MYD021KM/2014/073/MYD021KM.A2014073.0350.006.2014083200042.hdf,143377725
1254371562,/archive/allData/6/MYD021KM/2014/073/MYD021KM.A2014073.0525.006.2014083200231.hdf,151620828
1254475401,/archive/allData/6/MYD021KM/2014/074/MYD021KM.A2014074.0430.006.2014083224221.hdf,153857588
1254477770,/archive/allData/6/MYD021KM/2014/074/MYD021KM.A2014074.0610.006.2014083224736.hdf,155111743
1254818012,/archive/allData/6/MYD021KM/2014/083/MYD021KM.A2014083.0425.006.2014084050913.hdf,151433431
1254826226,/archive/allData/6/MYD021KM/2014/083/MYD021KM.A2014083.0605.006.2014084051427.hdf,150108743
1256831864,/archive/allData/6/MYD021KM/2014/085/MYD021KM.A2014085.0415.006.2014085173626.hdf,148603632
1256831866,/archive/allData/6/MYD021KM/2014/085/MYD021KM.A2014085.0550.006.2014085173630.hdf,151458252
1258924761,/archive/allData/6/MYD021KM/2014/086/MYD021KM.A2014086.0455.006.2014087001955.hdf,147622583
1260000763,/archive/allData/6/MYD021KM/2014/084/MYD021KM.A2014084.0505.006.2014087132141.hdf,145419654
1260014048,/archive/allData/6/MYD021KM/2014/084/MYD021KM.A2014084.0510.006.2014087132656.hdf,149628918
1260360959,/archive/allData/6/MYD021KM/2014/087/MYD021KM.A2014087.0540.006.2014087183428.hdf,151927649
1262133778,/archive/allData/6/MYD021KM/2014/088/MYD021KM.A2014088.0445.006.2014088175121.hdf,150632917
1262224247,/archive/allData/6/MYD021KM/2014/088/MYD021KM.A2014088.0620.006.2014088192135.hdf,152137445
1264543069,/archive/allData/6/MYD021KM/2014/089/MYD021KM.A2014089.0350.006.2014090125722.hdf,147425113
1264556548,/archive/allData/6/MYD021KM/2014/089/MYD021KM.A2014089.0525.006.2014090130930.hdf,147463000
1264929755,/archive/allData/6/MYD021KM/2014/090/MYD021KM.A2014090.0430.006.2014090170250.hdf,151442087
1265199477,/archive/allData/6/MYD021KM/2014/090/MYD021KM.A2014090.0610.006.2014090192836.hdf,152429008
1267740524,/archive/allData/6/MYD021KM/2014/091/MYD021KM.A2014091.0515.006.2014092142350.hdf,153733531
1268000475,/archive/allData/6/MYD021KM/2014/092/MYD021KM.A2014092.0420.006.2014092184232.hdf,149283166
1268004976,/archive/allData/6/MYD021KM/2014/092/MYD021KM.A2014092.0555.006.2014092184346.hdf,145792216
1268122187,/archive/allData/6/MYD021KM/2014/092/MYD021KM.A2014092.0600.006.2014092141538.hdf,151377924
1269823371,/archive/allData/6/MYD021KM/2014/093/MYD021KM.A2014093.0500.006.2014093171800.hdf,147421751
1271442312,/archive/allData/6/MYD021KM/2014/094/MYD021KM.A2014094.0545.006.2014094163702.hdf,151797515
1273492944,/archive/allData/6/MYD021KM/2014/095/MYD021KM.A2014095.0450.006.2014095172759.hdf,154903543
1275358201,/archive/allData/6/MYD021KM/2014/096/MYD021KM.A2014096.0530.006.2014096170629.hdf,141970827
1275358277,/archive/allData/6/MYD021KM/2014/096/MYD021KM.A2014096.0535.006.2014096170648.hdf,149643842
1275381111,/archive/allData/6/MYD021KM/2014/096/MYD021KM.A2014096.0355.006.2014096173031.hdf,152601440
1276462293,/archive/allData/6/MYD021KM/2014/097/MYD021KM.A2014097.0435.006.2014097164522.hdf,148925443
1276698231,/archive/allData/6/MYD021KM/2014/097/MYD021KM.A2014097.0615.006.2014097191456.hdf,155612176
1278859399,/archive/allData/6/MYD021KM/2014/098/MYD021KM.A2014098.0520.006.2014098164810.hdf,151163005
1283675436,/archive/allData/6/MYD021KM/2014/101/MYD021KM.A2014101.0415.006.2014101173821.hdf,151150321
1283679431,/archive/allData/6/MYD021KM/2014/101/MYD021KM.A2014101.0550.006.2014101174002.hdf,140542700
1284890134,/archive/allData/6/MYD021KM/2014/102/MYD021KM.A2014102.0455.006.2014102165839.hdf,145342534
1288437962,/archive/allData/6/MYD021KM/2014/104/MYD021KM.A2014104.0445.006.2014103213440.hdf,153072243
1288438037,/archive/allData/6/MYD021KM/2014/104/MYD021KM.A2014104.0440.006.2014104173152.hdf,145184886
1288512877,/archive/allData/6/MYD021KM/2014/104/MYD021KM.A2014104.0620.006.2014104192438.hdf,152386960
1289536573,/archive/allData/6/MYD021KM/2014/100/MYD021KM.A2014100.0505.006.2014105130252.hdf,152997119
1289537004,/archive/allData/6/MYD021KM/2014/100/MYD021KM.A2014100.0510.006.2014105130352.hdf,151774201
1289816149,/archive/allData/6/MYD021KM/2014/105/MYD021KM.A2014105.0350.006.2014104175526.hdf,149709472
1289821259,/archive/allData/6/MYD021KM/2014/105/MYD021KM.A2014105.0525.006.2014105184757.hdf,145948773
1290428083,/archive/allData/6/MYD021KM/2014/103/MYD021KM.A2014103.0540.006.2014106013412.hdf,151890069
1291380245,/archive/allData/6/MYD021KM/2014/106/MYD021KM.A2014106.0430.006.2014106190319.hdf,149842411
1291417316,/archive/allData/6/MYD021KM/2014/106/MYD021KM.A2014106.0610.006.2014106195521.hdf,147501358
1292648354,/archive/allData/6/MYD021KM/2014/107/MYD021KM.A2014107.0515.006.2014107165634.hdf,142251319
1293797934,/archive/allData/6/MYD021KM/2014/108/MYD021KM.A2014108.0420.006.2014108195818.hdf,151888418
1293814057,/archive/allData/6/MYD021KM/2014/108/MYD021KM.A2014108.0555.006.2014108200735.hdf,140902186
1293857311,/archive/allData/6/MYD021KM/2014/108/MYD021KM.A2014108.0600.006.2014108205622.hdf,148186061
1295554908,/archive/allData/6/MYD021KM/2014/109/MYD021KM.A2014109.0500.006.2014109172654.hdf,140656134
1297817610,/archive/allData/6/MYD021KM/2014/110/MYD021KM.A2014110.0545.006.2014109231528.hdf,147627180
1299381642,/archive/allData/6/MYD021KM/2014/099/MYD021KM.A2014099.0605.006.2014111124113.hdf,147732925
1299381734,/archive/allData/6/MYD021KM/2014/099/MYD021KM.A2014099.0425.006.2014111124138.hdf,149072471
1299607096,/archive/allData/6/MYD021KM/2014/111/MYD021KM.A2014111.0450.006.2014111171729.hdf,156246119
1300621988,/archive/allData/6/MYD021KM/2014/112/MYD021KM.A2014112.0355.006.2014111133020.hdf,150172694
1300622604,/archive/allData/6/MYD021KM/2014/112/MYD021KM.A2014112.0530.006.2014111140005.hdf,144674560
1300632746,/archive/allData/6/MYD021KM/2014/112/MYD021KM.A2014112.0535.006.2014112171736.hdf,155398024
1302276481,/archive/allData/6/MYD021KM/2014/113/MYD021KM.A2014113.0435.006.2014113163319.hdf,150210314
1302555963,/archive/allData/6/MYD021KM/2014/113/MYD021KM.A2014113.0615.006.2014113193049.hdf,150767332
1306480485,/archive/allData/6/MYD021KM/2014/115/MYD021KM.A2014115.0425.006.2014115024842.hdf,149685445
1306809312,/archive/allData/6/MYD021KM/2014/115/MYD021KM.A2014115.0605.006.2014115192507.hdf,150975557
1308437295,/archive/allData/6/MYD021KM/2014/116/MYD021KM.A2014116.0505.006.2014116170719.hdf,139117241
1308440250,/archive/allData/6/MYD021KM/2014/116/MYD021KM.A2014116.0510.006.2014116170742.hdf,152316912
1310319651,/archive/allData/6/MYD021KM/2014/117/MYD021KM.A2014117.0415.006.2014117181540.hdf,152866581
1310333518,/archive/allData/6/MYD021KM/2014/117/MYD021KM.A2014117.0550.006.2014117181952.hdf,148181070
1312192627,/archive/allData/6/MYD021KM/2014/118/MYD021KM.A2014118.0455.006.2014118174743.hdf,145522133
1313757882,/archive/allData/6/MYD021KM/2014/119/MYD021KM.A2014119.0540.006.2014119123520.hdf,151637269
1315501133,/archive/allData/6/MYD021KM/2014/114/MYD021KM.A2014114.0520.006.2014120132432.hdf,150880400
1315715288,/archive/allData/6/MYD021KM/2014/120/MYD021KM.A2014120.0440.006.2014120175851.hdf,145721438
1315715289,/archive/allData/6/MYD021KM/2014/120/MYD021KM.A2014120.0445.006.2014120175837.hdf,152567712
1316032876,/archive/allData/6/MYD021KM/2014/120/MYD021KM.A2014120.0620.006.2014120225109.hdf,154995771
1317253459,/archive/allData/6/MYD021KM/2014/121/MYD021KM.A2014121.0525.006.2014121170651.hdf,149212941
1317254650,/archive/allData/6/MYD021KM/2014/121/MYD021KM.A2014121.0350.006.2014121171120.hdf,151104571
1318650398,/archive/allData/6/MYD021KM/2014/122/MYD021KM.A2014122.0430.006.2014122120132.hdf,148144081
1318788580,/archive/allData/6/MYD021KM/2014/122/MYD021KM.A2014122.0610.006.2014122193636.hdf,154098081
1319277149,/archive/allData/6/MYD021KM/2014/123/MYD021KM.A2014123.0515.006.2014123165633.hdf,152459993
1321676526,/archive/allData/6/MYD021KM/2014/124/MYD021KM.A2014124.0555.006.2014124022825.hdf,144818574
1321679436,/archive/allData/6/MYD021KM/2014/124/MYD021KM.A2014124.0420.006.2014124165009.hdf,145545814
1321928049,/archive/allData/6/MYD021KM/2014/124/MYD021KM.A2014124.0600.006.2014124193954.hdf,157387070
1323410812,/archive/allData/6/MYD021KM/2014/125/MYD021KM.A2014125.0500.006.2014125000410.hdf,151208293
1324944674,/archive/allData/6/MYD021KM/2014/126/MYD021KM.A2014126.0545.006.2014126171322.hdf,156572770
1326769372,/archive/allData/6/MYD021KM/2014/127/MYD021KM.A2014127.0450.006.2014127192323.hdf,148388427
1328524112,/archive/allData/6/MYD021KM/2014/128/MYD021KM.A2014128.0530.006.2014128165248.hdf,153719582
1328524213,/archive/allData/6/MYD021KM/2014/128/MYD021KM.A2014128.0355.006.2014128165322.hdf,152965734
1328525036,/archive/allData/6/MYD021KM/2014/128/MYD021KM.A2014128.0535.006.2014128131408.hdf,151783670
1330244481,/archive/allData/6/MYD021KM/2014/129/MYD021KM.A2014129.0435.006.2014129163526.hdf,152958173
1330486547,/archive/allData/6/MYD021KM/2014/129/MYD021KM.A2014129.0615.006.2014129193758.hdf,145669003
1332253029,/archive/allData/6/MYD021KM/2014/130/MYD021KM.A2014130.0520.006.2014130165645.hdf,143030073
1333894319,/archive/allData/6/MYD021KM/2014/131/MYD021KM.A2014131.0425.006.2014131164356.hdf,146753523
1334107207,/archive/allData/6/MYD021KM/2014/131/MYD021KM.A2014131.0605.006.2014131193945.hdf,151351639
1335627052,/archive/allData/6/MYD021KM/2014/132/MYD021KM.A2014132.0505.006.2014131133058.hdf,151469339
1335644070,/archive/allData/6/MYD021KM/2014/132/MYD021KM.A2014132.0510.006.2014132172335.hdf,148643711
1337200572,/archive/allData/6/MYD021KM/2014/133/MYD021KM.A2014133.0415.006.2014133180120.hdf,143775366
1337320008,/archive/allData/6/MYD021KM/2014/133/MYD021KM.A2014133.0550.006.2014133191749.hdf,145461167
1338859169,/archive/allData/6/MYD021KM/2014/134/MYD021KM.A2014134.0455.006.2014134084331.hdf,145326975
1340538876,/archive/allData/6/MYD021KM/2014/135/MYD021KM.A2014135.0540.006.2014135163542.hdf,155544971
1342246127,/archive/allData/6/MYD021KM/2014/136/MYD021KM.A2014136.0440.006.2014136165236.hdf,148778031
1342251976,/archive/allData/6/MYD021KM/2014/136/MYD021KM.A2014136.0445.006.2014136165453.hdf,151756315
1342478957,/archive/allData/6/MYD021KM/2014/136/MYD021KM.A2014136.0620.006.2014135201407.hdf,148645148
1344221871,/archive/allData/6/MYD021KM/2014/137/MYD021KM.A2014137.0350.006.2014137173430.hdf,153995758
1344231388,/archive/allData/6/MYD021KM/2014/137/MYD021KM.A2014137.0525.006.2014137173833.hdf,146381085
1346124438,/archive/allData/6/MYD021KM/2014/138/MYD021KM.A2014138.0430.006.2014138170913.hdf,152818501
1346245085,/archive/allData/6/MYD021KM/2014/138/MYD021KM.A2014138.0610.006.2014138192236.hdf,151316782
1347306566,/archive/allData/6/MYD021KM/2014/139/MYD021KM.A2014139.0515.006.2014139170118.hdf,151703713
1348894300,/archive/allData/6/MYD021KM/2014/140/MYD021KM.A2014140.0420.006.2014140165935.hdf,152795457
1348894508,/archive/allData/6/MYD021KM/2014/140/MYD021KM.A2014140.0555.006.2014140165955.hdf,150021148
1349270942,/archive/allData/6/MYD021KM/2014/140/MYD021KM.A2014140.0600.006.2014140192506.hdf,153915449
1350662733,/archive/allData/6/MYD021KM/2014/141/MYD021KM.A2014141.0500.006.2014140010748.hdf,152384374
1352348735,/archive/allData/6/MYD021KM/2014/142/MYD021KM.A2014142.0545.006.2014142164538.hdf,151897040
1353990001,/archive/allData/6/MYD021KM/2014/143/MYD021KM.A2014143.0450.006.2014143164237.hdf,151263264
1355826061,/archive/allData/6/MYD021KM/2014/144/MYD021KM.A2014144.0530.006.2014144174313.hdf,143987997
1355835899,/archive/allData/6/MYD021KM/2014/144/MYD021KM.A2014144.0355.006.2014144174749.hdf,147453784
1355838006,/archive/allData/6/MYD021KM/2014/144/MYD021KM.A2014144.0535.006.2014144174915.hdf,146514908
1357688349,/archive/allData/6/MYD021KM/2014/145/MYD021KM.A2014145.0435.006.2014145162539.hdf,147294153
1357881144,/archive/allData/6/MYD021KM/2014/145/MYD021KM.A2014145.0615.006.2014145192822.hdf,147062269
1359324135,/archive/allData/6/MYD021KM/2014/146/MYD021KM.A2014146.0520.006.2014146171455.hdf,155056844
1360880298,/archive/allData/6/MYD021KM/2014/147/MYD021KM.A2014147.0425.006.2014147185102.hdf,150949880
1360932269,/archive/allData/6/MYD021KM/2014/147/MYD021KM.A2014147.0605.006.2014147191201.hdf,153295802
1362514813,/archive/allData/6/MYD021KM/2014/148/MYD021KM.A2014148.0505.006.2014148162521.hdf,152796779
1362527019,/archive/allData/6/MYD021KM/2014/148/MYD021KM.A2014148.0510.006.2014148163835.hdf,155164729
1365202812,/archive/allData/6/MYD021KM/2014/150/MYD021KM.A2014150.0455.006.2014150163101.hdf,157569120
1366738619,/archive/allData/6/MYD021KM/2014/151/MYD021KM.A2014151.0540.006.2014151172739.hdf,155766029
1367085952,/archive/allData/6/MYD021KM/2014/152/MYD021KM.A2014152.0445.006.2014152172939.hdf,153836977
1367087951,/archive/allData/6/MYD021KM/2014/152/MYD021KM.A2014152.0440.006.2014152173343.hdf,149441048
1367112317,/archive/allData/6/MYD021KM/2014/152/MYD021KM.A2014152.0620.006.2014152192601.hdf,155970858
1367494925,/archive/allData/6/MYD021KM/2014/149/MYD021KM.A2014149.0550.006.2014153134823.hdf,152336543
1367642892,/archive/allData/6/MYD021KM/2014/153/MYD021KM.A2014153.0350.006.2014153162518.hdf,151887982
1367653259,/archive/allData/6/MYD021KM/2014/153/MYD021KM.A2014153.0525.006.2014153163528.hdf,146243383
1369611445,/archive/allData/6/MYD021KM/2014/154/MYD021KM.A2014154.0430.006.2014154164623.hdf,150548027
1369793216,/archive/allData/6/MYD021KM/2014/154/MYD021KM.A2014154.0610.006.2014154192957.hdf,149581442
1371581591,/archive/allData/6/MYD021KM/2014/155/MYD021KM.A2014155.0515.006.2014155170457.hdf,147725188
1373131842,/archive/allData/6/MYD021KM/2014/156/MYD021KM.A2014156.0555.006.2014156164305.hdf,143855764
1373132602,/archive/allData/6/MYD021KM/2014/156/MYD021KM.A2014156.0420.006.2014156164346.hdf,149399642
1373305466,/archive/allData/6/MYD021KM/2014/156/MYD021KM.A2014156.0600.006.2014155070319.hdf,151703295
1374528330,/archive/allData/6/MYD021KM/2014/157/MYD021KM.A2014157.0500.006.2014157163056.hdf,149663205
1375957530,/archive/allData/6/MYD021KM/2014/158/MYD021KM.A2014158.0545.006.2014158161734.hdf,154289158
1378842062,/archive/allData/6/MYD021KM/2014/160/MYD021KM.A2014160.0530.006.2014160155031.hdf,151365796
1378842268,/archive/allData/6/MYD021KM/2014/160/MYD021KM.A2014160.0535.006.2014160155226.hdf,155403594
1378843087,/archive/allData/6/MYD021KM/2014/160/MYD021KM.A2014160.0355.006.2014160155319.hdf,148991160
1378952124,/archive/allData/6/MYD021KM/2014/159/MYD021KM.A2014159.0450.006.2014160213347.hdf,149713945
1379282912,/archive/allData/6/MYD021KM/2014/161/MYD021KM.A2014161.0435.006.2014161165341.hdf,144197858
1379380010,/archive/allData/6/MYD021KM/2014/161/MYD021KM.A2014161.0615.006.2014161193408.hdf,151469705
1379868106,/archive/allData/6/MYD021KM/2014/162/MYD021KM.A2014162.0520.006.2014162173005.hdf,154721529
1380447927,/archive/allData/6/MYD021KM/2014/163/MYD021KM.A2014163.0425.006.2014163164503.hdf,152141169
1380656927,/archive/allData/6/MYD021KM/2014/163/MYD021KM.A2014163.0605.006.2014163192527.hdf,155480707
1380963372,/archive/allData/6/MYD021KM/2014/164/MYD021KM.A2014164.0505.006.2014164170530.hdf,152823911
1380963928,/archive/allData/6/MYD021KM/2014/164/MYD021KM.A2014164.0510.006.2014164170708.hdf,159853317
1381241780,/archive/allData/6/MYD021KM/2014/165/MYD021KM.A2014165.0550.006.2014165181534.hdf,147963083
1381571052,/archive/allData/6/MYD021KM/2014/166/MYD021KM.A2014166.0455.006.2014166174917.hdf,155953033
1381840881,/archive/allData/6/MYD021KM/2014/167/MYD021KM.A2014167.0540.006.2014167172123.hdf,156495910
1382142021,/archive/allData/6/MYD021KM/2014/168/MYD021KM.A2014168.0440.006.2014168164435.hdf,146710606
1382142415,/archive/allData/6/MYD021KM/2014/168/MYD021KM.A2014168.0445.006.2014168164559.hdf,148900517
1382176343,/archive/allData/6/MYD021KM/2014/168/MYD021KM.A2014168.0620.006.2014168193208.hdf,155122983
1382443496,/archive/allData/6/MYD021KM/2014/169/MYD021KM.A2014169.0525.006.2014169164927.hdf,150224534
1382772911,/archive/allData/6/MYD021KM/2014/170/MYD021KM.A2014170.0430.006.2014170173353.hdf,151455488
1382799407,/archive/allData/6/MYD021KM/2014/170/MYD021KM.A2014170.0610.006.2014170193727.hdf,153963135
1383148133,/archive/allData/6/MYD021KM/2014/171/MYD021KM.A2014171.0515.006.2014171170258.hdf,154906791
1385015607,/archive/allData/6/MYD021KM/2014/172/MYD021KM.A2014172.0555.006.2014172172413.hdf,147689287
1385018133,/archive/allData/6/MYD021KM/2014/172/MYD021KM.A2014172.0420.006.2014172172553.hdf,158271533
1386781458,/archive/allData/6/MYD021KM/2014/173/MYD021KM.A2014173.0500.006.2014173173106.hdf,148548338
1388446042,/archive/allData/6/MYD021KM/2014/174/MYD021KM.A2014174.0545.006.2014174220210.hdf,155050033
1388894191,/archive/allData/6/MYD021KM/2014/175/MYD021KM.A2014175.0450.006.2014175171501.hdf,159102588
1389281100,/archive/allData/6/MYD021KM/2014/176/MYD021KM.A2014176.0355.006.2014176163604.hdf,153715484
1389281458,/archive/allData/6/MYD021KM/2014/176/MYD021KM.A2014176.0530.006.2014176163717.hdf,142988057
1389281459,/archive/allData/6/MYD021KM/2014/176/MYD021KM.A2014176.0535.006.2014176163713.hdf,159353128
1390256429,/archive/allData/6/MYD021KM/2014/178/MYD021KM.A2014178.0520.006.2014178160039.hdf,156853805
1390633270,/archive/allData/6/MYD021KM/2014/179/MYD021KM.A2014179.0425.006.2014179170549.hdf,156628190
1390657019,/archive/allData/6/MYD021KM/2014/179/MYD021KM.A2014179.0600.006.2014179191751.hdf,144317485
1390663095,/archive/allData/6/MYD021KM/2014/179/MYD021KM.A2014179.0605.006.2014179191922.hdf,156994182
1390763354,/archive/allData/6/MYD021KM/2014/180/MYD021KM.A2014180.0505.006.2014180182340.hdf,153502168
1390763355,/archive/allData/6/MYD021KM/2014/180/MYD021KM.A2014180.0510.006.2014180182313.hdf,159253216
1390930540,/archive/allData/6/MYD021KM/2014/181/MYD021KM.A2014181.0550.006.2014181170709.hdf,150196636
1391606957,/archive/allData/6/MYD021KM/2014/182/MYD021KM.A2014182.0455.006.2014182163854.hdf,154444275
1392001449,/archive/allData/6/MYD021KM/2014/177/MYD021KM.A2014177.0435.006.2014183134707.hdf,149074108
1392002119,/archive/allData/6/MYD021KM/2014/177/MYD021KM.A2014177.0615.006.2014183134934.hdf,149346312
1392048972,/archive/allData/6/MYD021KM/2014/183/MYD021KM.A2014183.0540.006.2014183165309.hdf,157532562
1392516190,/archive/allData/6/MYD021KM/2014/184/MYD021KM.A2014184.0445.006.2014184180332.hdf,151519677
1392522240,/archive/allData/6/MYD021KM/2014/184/MYD021KM.A2014184.0440.006.2014184180857.hdf,148016834
1392580580,/archive/allData/6/MYD021KM/2014/184/MYD021KM.A2014184.0620.006.2014184202259.hdf,152427705
1392933991,/archive/allData/6/MYD021KM/2014/185/MYD021KM.A2014185.0525.006.2014185164429.hdf,149135448
1392935032,/archive/allData/6/MYD021KM/2014/185/MYD021KM.A2014185.0350.006.2014185164701.hdf,150127872
1393491498,/archive/allData/6/MYD021KM/2014/186/MYD021KM.A2014186.0430.006.2014186165624.hdf,150386327
1393539668,/archive/allData/6/MYD021KM/2014/186/MYD021KM.A2014186.0610.006.2014186192143.hdf,157675870
1393856491,/archive/allData/6/MYD021KM/2014/187/MYD021KM.A2014187.0515.006.2014187160234.hdf,157594111
1394350792,/archive/allData/6/MYD021KM/2014/188/MYD021KM.A2014188.0420.006.2014188174045.hdf,154744551
1394350797,/archive/allData/6/MYD021KM/2014/188/MYD021KM.A2014188.0555.006.2014188174046.hdf,151593396
1395922503,/archive/allData/6/MYD021KM/2014/190/MYD021KM.A2014190.0545.006.2014190162413.hdf,147748234
1397083574,/archive/allData/6/MYD021KM/2014/191/MYD021KM.A2014191.0450.006.2014191163410.hdf,155210874
1397236150,/archive/allData/6/MYD021KM/2014/189/MYD021KM.A2014189.0500.006.2014191202506.hdf,151026962
1398046419,/archive/allData/6/MYD021KM/2014/192/MYD021KM.A2014192.0355.006.2014192172407.hdf,148846699
1398046727,/archive/allData/6/MYD021KM/2014/192/MYD021KM.A2014192.0530.006.2014192172816.hdf,152739770
1398046728,/archive/allData/6/MYD021KM/2014/192/MYD021KM.A2014192.0535.006.2014192172801.hdf,162570519
1398569673,/archive/allData/6/MYD021KM/2014/193/MYD021KM.A2014193.0435.006.2014193181300.hdf,154199160
1398611449,/archive/allData/6/MYD021KM/2014/193/MYD021KM.A2014193.0615.006.2014193203917.hdf,158367381
1398922940,/archive/allData/6/MYD021KM/2014/194/MYD021KM.A2014194.0520.006.2014194163535.hdf,158011434
1399509834,/archive/allData/6/MYD021KM/2014/195/MYD021KM.A2014195.0425.006.2014195162848.hdf,155338335
1399606669,/archive/allData/6/MYD021KM/2014/195/MYD021KM.A2014195.0605.006.2014195191857.hdf,161468225
1399608326,/archive/allData/6/MYD021KM/2014/195/MYD021KM.A2014195.0600.006.2014195192310.hdf,153074358
1400237465,/archive/allData/6/MYD021KM/2014/196/MYD021KM.A2014196.0510.006.2014196180033.hdf,162110328
1400238311,/archive/allData/6/MYD021KM/2014/196/MYD021KM.A2014196.0505.006.2014196180203.hdf,152707896
1400886447,/archive/allData/6/MYD021KM/2014/197/MYD021KM.A2014197.0550.006.2014197162556.hdf,156064108
1401562094,/archive/allData/6/MYD021KM/2014/198/MYD021KM.A2014198.0455.006.2014198160314.hdf,152025435
1404213075,/archive/allData/6/MYD021KM/2014/199/MYD021KM.A2014199.0540.006.2014199174438.hdf,153219665
1406855274,/archive/allData/6/MYD021KM/2014/200/MYD021KM.A2014200.0445.006.2014200181053.hdf,152874189
1406857040,/archive/allData/6/MYD021KM/2014/200/MYD021KM.A2014200.0440.006.2014200181123.hdf,155027145
1406964543,/archive/allData/6/MYD021KM/2014/200/MYD021KM.A2014200.0620.006.2014200192414.hdf,150991409
1408015595,/archive/allData/6/MYD021KM/2014/201/MYD021KM.A2014201.0525.006.2014201163757.hdf,153501613
1409005647,/archive/allData/6/MYD021KM/2014/202/MYD021KM.A2014202.0430.006.2014202183034.hdf,153463788
1409121348,/archive/allData/6/MYD021KM/2014/202/MYD021KM.A2014202.0610.006.2014202211745.hdf,152997895
1409563772,/archive/allData/6/MYD021KM/2014/203/MYD021KM.A2014203.0515.006.2014203164545.hdf,152603890
1410340461,/archive/allData/6/MYD021KM/2014/205/MYD021KM.A2014205.0500.006.2014205160726.hdf,150840496
1410744377,/archive/allData/6/MYD021KM/2014/206/MYD021KM.A2014206.0545.006.2014206170038.hdf,157490943
1411179604,/archive/allData/6/MYD021KM/2014/207/MYD021KM.A2014207.0450.006.2014207164552.hdf,149654854
1411455448,/archive/allData/6/MYD021KM/2014/208/MYD021KM.A2014208.0535.006.2014208163058.hdf,158301354
1411456556,/archive/allData/6/MYD021KM/2014/208/MYD021KM.A2014208.0530.006.2014208163235.hdf,154100968
1411457073,/archive/allData/6/MYD021KM/2014/208/MYD021KM.A2014208.0355.006.2014208163330.hdf,149665677
1411759819,/archive/allData/6/MYD021KM/2014/204/MYD021KM.A2014204.0420.006.2014209160037.hdf,149432233
1411760209,/archive/allData/6/MYD021KM/2014/204/MYD021KM.A2014204.0555.006.2014209160123.hdf,151010209
1411831265,/archive/allData/6/MYD021KM/2014/209/MYD021KM.A2014209.0435.006.2014209204758.hdf,153929918
1411875599,/archive/allData/6/MYD021KM/2014/209/MYD021KM.A2014209.0615.006.2014209230256.hdf,156960075
1412243202,/archive/allData/6/MYD021KM/2014/210/MYD021KM.A2014210.0520.006.2014210213710.hdf,152357256
1412501003,/archive/allData/6/MYD021KM/2014/211/MYD021KM.A2014211.0425.006.2014211164622.hdf,153717658
1412531053,/archive/allData/6/MYD021KM/2014/211/MYD021KM.A2014211.0600.006.2014211191631.hdf,157436248
1412531190,/archive/allData/6/MYD021KM/2014/211/MYD021KM.A2014211.0605.006.2014211191634.hdf,153646269
1412833474,/archive/allData/6/MYD021KM/2014/212/MYD021KM.A2014212.0505.006.2014212161328.hdf,152214586
1412834290,/archive/allData/6/MYD021KM/2014/212/MYD021KM.A2014212.0510.006.2014212161438.hdf,155952054
1413408902,/archive/allData/6/MYD021KM/2014/213/MYD021KM.A2014213.0550.006.2014213161753.hdf,152327555
1413649786,/archive/allData/6/MYD021KM/2014/214/MYD021KM.A2014214.0455.006.2014214164041.hdf,151758935
1413788475,/archive/allData/6/MYD021KM/2014/215/MYD021KM.A2014215.0540.006.2014215163218.hdf,150146071
1414241607,/archive/allData/6/MYD021KM/2014/216/MYD021KM.A2014216.0445.006.2014216190145.hdf,153091951
1414242257,/archive/allData/6/MYD021KM/2014/216/MYD021KM.A2014216.0440.006.2014216190224.hdf,154358952
1414249854,/archive/allData/6/MYD021KM/2014/216/MYD021KM.A2014216.0620.006.2014216194525.hdf,151116134
1414372676,/archive/allData/6/MYD021KM/2014/217/MYD021KM.A2014217.0350.006.2014217191325.hdf,152559904
1414372681,/archive/allData/6/MYD021KM/2014/217/MYD021KM.A2014217.0525.006.2014217191311.hdf,151102401
1415163538,/archive/allData/6/MYD021KM/2014/219/MYD021KM.A2014219.0515.006.2014219153934.hdf,157676632
1415573715,/archive/allData/6/MYD021KM/2014/220/MYD021KM.A2014220.0420.006.2014220154406.hdf,158449691
1415574171,/archive/allData/6/MYD021KM/2014/220/MYD021KM.A2014220.0555.006.2014220154634.hdf,144640310
1415605200,/archive/allData/6/MYD021KM/2014/218/MYD021KM.A2014218.0610.006.2014220180245.hdf,152350444
1415610105,/archive/allData/6/MYD021KM/2014/218/MYD021KM.A2014218.0430.006.2014220181321.hdf,153970094
1415944652,/archive/allData/6/MYD021KM/2014/221/MYD021KM.A2014221.0500.006.2014221162849.hdf,150217077
1416271489,/archive/allData/6/MYD021KM/2014/222/MYD021KM.A2014222.0545.006.2014222162015.hdf,154926446
1416635223,/archive/allData/6/MYD021KM/2014/223/MYD021KM.A2014223.0450.006.2014223161636.hdf,157766759
1417019028,/archive/allData/6/MYD021KM/2014/224/MYD021KM.A2014224.0535.006.2014224181421.hdf,159462276
1417019085,/archive/allData/6/MYD021KM/2014/224/MYD021KM.A2014224.0530.006.2014224181506.hdf,146324298
1417019151,/archive/allData/6/MYD021KM/2014/224/MYD021KM.A2014224.0355.006.2014224181427.hdf,152163356
1417520964,/archive/allData/6/MYD021KM/2014/225/MYD021KM.A2014225.0435.006.2014225165933.hdf,152280535
1417595845,/archive/allData/6/MYD021KM/2014/225/MYD021KM.A2014225.0615.006.2014225191725.hdf,158775052
1418112422,/archive/allData/6/MYD021KM/2014/226/MYD021KM.A2014226.0520.006.2014226162146.hdf,157041938
1418926808,/archive/allData/6/MYD021KM/2014/227/MYD021KM.A2014227.0425.006.2014227162514.hdf,155705995
1418985102,/archive/allData/6/MYD021KM/2014/227/MYD021KM.A2014227.0605.006.2014227192050.hdf,162053616
1418990914,/archive/allData/6/MYD021KM/2014/227/MYD021KM.A2014227.0600.006.2014227192441.hdf,148969935
1419533211,/archive/allData/6/MYD021KM/2014/228/MYD021KM.A2014228.0505.006.2014228152555.hdf,152670913
1419533212,/archive/allData/6/MYD021KM/2014/228/MYD021KM.A2014228.0510.006.2014228152607.hdf,161039822
1420275211,/archive/allData/6/MYD021KM/2014/229/MYD021KM.A2014229.0550.006.2014229160546.hdf,153334647
1420874650,/archive/allData/6/MYD021KM/2014/230/MYD021KM.A2014230.0455.006.2014230181948.hdf,153538429
1421676204,/archive/allData/6/MYD021KM/2014/231/MYD021KM.A2014231.0400.006.2014231155635.hdf,153022581
1421676336,/archive/allData/6/MYD021KM/2014/231/MYD021KM.A2014231.0540.006.2014231155701.hdf,157547241
1422498014,/archive/allData/6/MYD021KM/2014/232/MYD021KM.A2014232.0445.006.2014232155107.hdf,160963433
1422499797,/archive/allData/6/MYD021KM/2014/232/MYD021KM.A2014232.0440.006.2014232155210.hdf,155747352
1422583326,/archive/allData/6/MYD021KM/2014/232/MYD021KM.A2014232.0620.006.2014232191522.hdf,151171881
1422836165,/archive/allData/6/MYD021KM/2014/233/MYD021KM.A2014233.0525.006.2014233161157.hdf,157488492
1423559312,/archive/allData/6/MYD021KM/2014/234/MYD021KM.A2014234.0430.006.2014234165929.hdf,156521466
1423605624,/archive/allData/6/MYD021KM/2014/234/MYD021KM.A2014234.0610.006.2014234193038.hdf,155252092
1423918779,/archive/allData/6/MYD021KM/2014/235/MYD021KM.A2014235.0515.006.2014235160557.hdf,156308619
1424571786,/archive/allData/6/MYD021KM/2014/236/MYD021KM.A2014236.0555.006.2014236154502.hdf,153554337
1424573206,/archive/allData/6/MYD021KM/2014/236/MYD021KM.A2014236.0420.006.2014236154857.hdf,156359210
1425193693,/archive/allData/6/MYD021KM/2014/237/MYD021KM.A2014237.0500.006.2014237160221.hdf,153992199
1425919348,/archive/allData/6/MYD021KM/2014/238/MYD021KM.A2014238.0545.006.2014238154202.hdf,159818656
1427184395,/archive/allData/6/MYD021KM/2014/240/MYD021KM.A2014240.0530.006.2014240160853.hdf,153461055
1427186713,/archive/allData/6/MYD021KM/2014/240/MYD021KM.A2014240.0355.006.2014240161643.hdf,159584287
1427818363,/archive/allData/6/MYD021KM/2014/241/MYD021KM.A2014241.0435.006.2014241162523.hdf,158074033
1427896817,/archive/allData/6/MYD021KM/2014/241/MYD021KM.A2014241.0615.006.2014241192809.hdf,153685040
1428434156,/archive/allData/6/MYD021KM/2014/242/MYD021KM.A2014242.0520.006.2014242170151.hdf,154933560
1428702573,/archive/allData/6/MYD021KM/2014/243/MYD021KM.A2014243.0425.006.2014243161521.hdf,162289399
1428738272,/archive/allData/6/MYD021KM/2014/243/MYD021KM.A2014243.0605.006.2014243192813.hdf,157181521
1428738330,/archive/allData/6/MYD021KM/2014/243/MYD021KM.A2014243.0600.006.2014243192916.hdf,152947085
1429044578,/archive/allData/6/MYD021KM/2014/244/MYD021KM.A2014244.0505.006.2014244164230.hdf,156318930
1429044579,/archive/allData/6/MYD021KM/2014/244/MYD021KM.A2014244.0510.006.2014244164217.hdf,157944390
1429341790,/archive/allData/6/MYD021KM/2014/245/MYD021KM.A2014245.0550.006.2014245164414.hdf,152662634
1429626519,/archive/allData/6/MYD021KM/2014/239/MYD021KM.A2014239.0450.006.2014246113430.hdf,160993216
1429736602,/archive/allData/6/MYD021KM/2014/246/MYD021KM.A2014246.0455.006.2014246155700.hdf,151364505
1430396108,/archive/allData/6/MYD021KM/2014/247/MYD021KM.A2014247.0400.006.2014247210800.hdf,149318535
1430396287,/archive/allData/6/MYD021KM/2014/247/MYD021KM.A2014247.0540.006.2014247210843.hdf,155934299
1430669365,/archive/allData/6/MYD021KM/2014/248/MYD021KM.A2014248.0440.006.2014248153800.hdf,160974246
1430669366,/archive/allData/6/MYD021KM/2014/248/MYD021KM.A2014248.0445.006.2014248153715.hdf,156559614
1431055785,/archive/allData/6/MYD021KM/2014/249/MYD021KM.A2014249.0525.006.2014249160345.hdf,154528327
1431467879,/archive/allData/6/MYD021KM/2014/250/MYD021KM.A2014250.0430.006.2014250161043.hdf,158277182
1431533570,/archive/allData/6/MYD021KM/2014/250/MYD021KM.A2014250.0610.006.2014250193729.hdf,153375040
1431792322,/archive/allData/6/MYD021KM/2014/248/MYD021KM.A2014248.0620.006.2014251144003.hdf,153261683
1431807630,/archive/allData/6/MYD021KM/2014/251/MYD021KM.A2014251.0515.006.2014251155012.hdf,156495934
1432359903,/archive/allData/6/MYD021KM/2014/252/MYD021KM.A2014252.0420.006.2014252164829.hdf,154775554
1432382545,/archive/allData/6/MYD021KM/2014/252/MYD021KM.A2014252.0555.006.2014252170816.hdf,150795121
1432890821,/archive/allData/6/MYD021KM/2014/253/MYD021KM.A2014253.0500.006.2014253153617.hdf,154126986
1433468451,/archive/allData/6/MYD021KM/2014/254/MYD021KM.A2014254.0545.006.2014261062455.hdf,149815229
1433941962,/archive/allData/6/MYD021KM/2014/255/MYD021KM.A2014255.0450.006.2014262045207.hdf,155935978
1437851424,/archive/allData/6/MYD021KM/2014/256/MYD021KM.A2014256.0355.006.2014268055106.hdf,159360600
1437852001,/archive/allData/6/MYD021KM/2014/256/MYD021KM.A2014256.0530.006.2014268060346.hdf,147207968
1437994205,/archive/allData/6/MYD021KM/2014/257/MYD021KM.A2014257.0615.006.2014268130556.hdf,148178030
1438028238,/archive/allData/6/MYD021KM/2014/257/MYD021KM.A2014257.0435.006.2014268133436.hdf,156971272
1438577170,/archive/allData/6/MYD021KM/2014/258/MYD021KM.A2014258.0520.006.2014269173134.hdf,150319327
1438606353,/archive/allData/6/MYD021KM/2014/259/MYD021KM.A2014259.0425.006.2014269185737.hdf,161353538
1438640006,/archive/allData/6/MYD021KM/2014/259/MYD021KM.A2014259.0605.006.2014269221533.hdf,154891504
1438642305,/archive/allData/6/MYD021KM/2014/259/MYD021KM.A2014259.0600.006.2014269221635.hdf,139098990
1438644270,/archive/allData/6/MYD021KM/2014/260/MYD021KM.A2014260.0505.006.2014269225135.hdf,148060243
1438644338,/archive/allData/6/MYD021KM/2014/260/MYD021KM.A2014260.0510.006.2014269225223.hdf,156996280
1439914178,/archive/allData/6/MYD021KM/2014/261/MYD021KM.A2014261.0550.006.2014272200854.hdf,151998956
1439930753,/archive/allData/6/MYD021KM/2014/262/MYD021KM.A2014262.0455.006.2014272203306.hdf,155692560
1439991675,/archive/allData/6/MYD021KM/2014/263/MYD021KM.A2014263.0400.006.2014272221436.hdf,157515995
1440002108,/archive/allData/6/MYD021KM/2014/263/MYD021KM.A2014263.0540.006.2014272222941.hdf,154195131
1440023603,/archive/allData/6/MYD021KM/2014/264/MYD021KM.A2014264.0445.006.2014272230848.hdf,156973887
1440023715,/archive/allData/6/MYD021KM/2014/264/MYD021KM.A2014264.0440.006.2014272230903.hdf,154013412
1440027127,/archive/allData/6/MYD021KM/2014/264/MYD021KM.A2014264.0620.006.2014272231138.hdf,150434499
1440074911,/archive/allData/6/MYD021KM/2014/265/MYD021KM.A2014265.0525.006.2014273005327.hdf,149126690
1441375177,/archive/allData/6/MYD021KM/2014/270/MYD021KM.A2014270.0545.006.2014274125920.hdf,151171475
1441424987,/archive/allData/6/MYD021KM/2014/271/MYD021KM.A2014271.0450.006.2014274143907.hdf,152479735
1441438855,/archive/allData/6/MYD021KM/2014/267/MYD021KM.A2014267.0515.006.2014274152532.hdf,155554597
1441475689,/archive/allData/6/MYD021KM/2014/272/MYD021KM.A2014272.0355.006.2014274165245.hdf,158305503
1441480098,/archive/allData/6/MYD021KM/2014/272/MYD021KM.A2014272.0535.006.2014274170044.hdf,154006694
1441483001,/archive/allData/6/MYD021KM/2014/272/MYD021KM.A2014272.0530.006.2014274170321.hdf,149198184
1441483191,/archive/allData/6/MYD021KM/2014/266/MYD021KM.A2014266.0610.006.2014274170413.hdf,155581849
1441510908,/archive/allData/6/MYD021KM/2014/269/MYD021KM.A2014269.0500.006.2014274181145.hdf,151821955
1441534010,/archive/allData/6/MYD021KM/2014/266/MYD021KM.A2014266.0430.006.2014274185758.hdf,153985250
1441567266,/archive/allData/6/MYD021KM/2014/268/MYD021KM.A2014268.0420.006.2014274193804.hdf,158779547
1441591489,/archive/allData/6/MYD021KM/2014/268/MYD021KM.A2014268.0555.006.2014274201246.hdf,149671273
1441591600,/archive/allData/6/MYD021KM/2014/273/MYD021KM.A2014273.0435.006.2014274201305.hdf,151472212
1441599751,/archive/allData/6/MYD021KM/2014/273/MYD021KM.A2014273.0615.006.2014274202112.hdf,152499959
1441665918,/archive/allData/6/MYD021KM/2014/274/MYD021KM.A2014274.0520.006.2014274220756.hdf,150668093
1442515111,/archive/allData/6/MYD021KM/2014/275/MYD021KM.A2014275.0425.006.2014276040157.hdf,149104011
1442519047,/archive/allData/6/MYD021KM/2014/275/MYD021KM.A2014275.0605.006.2014276040412.hdf,155805421
1442519709,/archive/allData/6/MYD021KM/2014/275/MYD021KM.A2014275.0600.006.2014276040408.hdf,154996651
1442991567,/archive/allData/6/MYD021KM/2014/276/MYD021KM.A2014276.0505.006.2014276185113.hdf,157086020
1442992100,/archive/allData/6/MYD021KM/2014/276/MYD021KM.A2014276.0510.006.2014276185305.hdf,158217460
1444179194,/archive/allData/6/MYD021KM/2014/278/MYD021KM.A2014278.0455.006.2014278154916.hdf,153860279
1445320621,/archive/allData/6/MYD021KM/2014/279/MYD021KM.A2014279.0400.006.2014282170717.hdf,155256924
1445345317,/archive/allData/6/MYD021KM/2014/279/MYD021KM.A2014279.0535.006.2014282172005.hdf,155148162
1445363306,/archive/allData/6/MYD021KM/2014/279/MYD021KM.A2014279.0540.006.2014282170756.hdf,155615252
1445643179,/archive/allData/6/MYD021KM/2014/280/MYD021KM.A2014280.0445.006.2014282194634.hdf,155390510
1445662081,/archive/allData/6/MYD021KM/2014/280/MYD021KM.A2014280.0620.006.2014282194746.hdf,157660184
1445665621,/archive/allData/6/MYD021KM/2014/280/MYD021KM.A2014280.0440.006.2014282171021.hdf,154414685
1446798383,/archive/allData/6/MYD021KM/2014/282/MYD021KM.A2014282.0430.006.2014283005047.hdf,153799497
1446798384,/archive/allData/6/MYD021KM/2014/282/MYD021KM.A2014282.0610.006.2014283005106.hdf,154007139
1447429734,/archive/allData/6/MYD021KM/2014/277/MYD021KM.A2014277.0550.006.2014294203122.hdf,153480545
1447520158,/archive/allData/6/MYD021KM/2014/283/MYD021KM.A2014283.0515.006.2014283172352.hdf,148239075
1447595297,/archive/allData/6/MYD021KM/2014/281/MYD021KM.A2014281.0525.006.2014283191952.hdf,152994790
1448617923,/archive/allData/6/MYD021KM/2014/284/MYD021KM.A2014284.0420.006.2014284215611.hdf,147012004
1448656381,/archive/allData/6/MYD021KM/2014/284/MYD021KM.A2014284.0555.006.2014284230106.hdf,149206934
1449265598,/archive/allData/6/MYD021KM/2014/285/MYD021KM.A2014285.0500.006.2014285154549.hdf,148305312
1449973931,/archive/allData/6/MYD021KM/2014/286/MYD021KM.A2014286.0545.006.2014286184933.hdf,152586853
1450493572,/archive/allData/6/MYD021KM/2014/287/MYD021KM.A2014287.0450.006.2014287155303.hdf,154166632
1450953884,/archive/allData/6/MYD021KM/2014/288/MYD021KM.A2014288.0530.006.2014288162443.hdf,153810985
1450955713,/archive/allData/6/MYD021KM/2014/288/MYD021KM.A2014288.0355.006.2014288162700.hdf,155157771
1451541379,/archive/allData/6/MYD021KM/2014/289/MYD021KM.A2014289.0435.006.2014289161004.hdf,160745386
1451586556,/archive/allData/6/MYD021KM/2014/289/MYD021KM.A2014289.0615.006.2014289193852.hdf,151256892
1451945448,/archive/allData/6/MYD021KM/2014/290/MYD021KM.A2014290.0520.006.2014290170646.hdf,152273530
1452492325,/archive/allData/6/MYD021KM/2014/291/MYD021KM.A2014291.0425.006.2014291193050.hdf,153314261
1452493785,/archive/allData/6/MYD021KM/2014/291/MYD021KM.A2014291.0600.006.2014291193856.hdf,147217923
1452493786,/archive/allData/6/MYD021KM/2014/291/MYD021KM.A2014291.0605.006.2014291193820.hdf,152552488
1453537242,/archive/allData/6/MYD021KM/2014/292/MYD021KM.A2014292.0505.006.2014293142224.hdf,153013856
1453537346,/archive/allData/6/MYD021KM/2014/292/MYD021KM.A2014292.0510.006.2014293142228.hdf,151729446
1453732696,/archive/allData/6/MYD021KM/2014/293/MYD021KM.A2014293.0550.006.2014293180656.hdf,147179702
1455974160,/archive/allData/6/MYD021KM/2014/295/MYD021KM.A2014295.0400.006.2014295170625.hdf,153883278
1455985719,/archive/allData/6/MYD021KM/2014/295/MYD021KM.A2014295.0540.006.2014295171700.hdf,150481359
1457952779,/archive/allData/6/MYD021KM/2014/296/MYD021KM.A2014296.0440.006.2014296170420.hdf,159233185
1457956593,/archive/allData/6/MYD021KM/2014/296/MYD021KM.A2014296.0445.006.2014296170852.hdf,153931395
1458094251,/archive/allData/6/MYD021KM/2014/296/MYD021KM.A2014296.0620.006.2014296192859.hdf,156912849
1458225468,/archive/allData/6/MYD021KM/2014/294/MYD021KM.A2014294.0455.006.2014296213330.hdf,149162959
1459770661,/archive/allData/6/MYD021KM/2014/297/MYD021KM.A2014297.0525.006.2014297170809.hdf,153163094
1461686617,/archive/allData/6/MYD021KM/2014/298/MYD021KM.A2014298.0430.006.2014298164616.hdf,150759970
1461785460,/archive/allData/6/MYD021KM/2014/298/MYD021KM.A2014298.0610.006.2014298193825.hdf,155141662
1462758562,/archive/allData/6/MYD021KM/2014/299/MYD021KM.A2014299.0515.006.2014299160250.hdf,152326767
1465001532,/archive/allData/6/MYD021KM/2014/300/MYD021KM.A2014300.0420.006.2014300193429.hdf,153042495
1465003214,/archive/allData/6/MYD021KM/2014/300/MYD021KM.A2014300.0555.006.2014300194541.hdf,150502600
1466269798,/archive/allData/6/MYD021KM/2014/301/MYD021KM.A2014301.0500.006.2014301200234.hdf,156792212
1467305590,/archive/allData/6/MYD021KM/2014/302/MYD021KM.A2014302.0545.006.2014302162123.hdf,148587139
1468911064,/archive/allData/6/MYD021KM/2014/303/MYD021KM.A2014303.0450.006.2014303170621.hdf,149047326
1470240759,/archive/allData/6/MYD021KM/2014/304/MYD021KM.A2014304.0530.006.2014304170616.hdf,143703368
1470241409,/archive/allData/6/MYD021KM/2014/304/MYD021KM.A2014304.0535.006.2014304170743.hdf,153398668
1470287017,/archive/allData/6/MYD021KM/2014/304/MYD021KM.A2014304.0355.006.2014304181928.hdf,154923890
1471200025,/archive/allData/6/MYD021KM/2014/305/MYD021KM.A2014305.0435.006.2014305155805.hdf,153091655
1471306714,/archive/allData/6/MYD021KM/2014/305/MYD021KM.A2014305.0615.006.2014305191734.hdf,152548787
1473975923,/archive/allData/6/MYD021KM/2014/307/MYD021KM.A2014307.0425.006.2014307162541.hdf,157041849
1474143991,/archive/allData/6/MYD021KM/2014/307/MYD021KM.A2014307.0600.006.2014307194318.hdf,151771523
1474145479,/archive/allData/6/MYD021KM/2014/307/MYD021KM.A2014307.0605.006.2014307194539.hdf,150611352
1475192053,/archive/allData/6/MYD021KM/2014/308/MYD021KM.A2014308.0505.006.2014308193458.hdf,156851189
1475193616,/archive/allData/6/MYD021KM/2014/308/MYD021KM.A2014308.0510.006.2014308193533.hdf,150458838
1476118645,/archive/allData/6/MYD021KM/2014/309/MYD021KM.A2014309.0550.006.2014309174817.hdf,153041239
1476131272,/archive/allData/6/MYD021KM/2014/306/MYD021KM.A2014306.0520.006.2014309181258.hdf,154947564
1477188339,/archive/allData/6/MYD021KM/2014/310/MYD021KM.A2014310.0455.006.2014310225614.hdf,154200314
1477731584,/archive/allData/6/MYD021KM/2014/311/MYD021KM.A2014311.0540.006.2014311183121.hdf,153850084
1478333705,/archive/allData/6/MYD021KM/2014/312/MYD021KM.A2014312.0445.006.2014312173056.hdf,154357884
1478334718,/archive/allData/6/MYD021KM/2014/312/MYD021KM.A2014312.0440.006.2014312173146.hdf,149366585
1478378999,/archive/allData/6/MYD021KM/2014/312/MYD021KM.A2014312.0620.006.2014312193111.hdf,151486855
1478847518,/archive/allData/6/MYD021KM/2014/313/MYD021KM.A2014313.0525.006.2014313165251.hdf,149174252
1479393018,/archive/allData/6/MYD021KM/2014/314/MYD021KM.A2014314.0430.006.2014314184140.hdf,156921809
1479425868,/archive/allData/6/MYD021KM/2014/314/MYD021KM.A2014314.0610.006.2014314195735.hdf,152846357
1479950971,/archive/allData/6/MYD021KM/2014/315/MYD021KM.A2014315.0515.006.2014315173043.hdf,154242751
1481303664,/archive/allData/6/MYD021KM/2014/317/MYD021KM.A2014317.0500.006.2014317162434.hdf,155193698
1482312488,/archive/allData/6/MYD021KM/2014/318/MYD021KM.A2014318.0545.006.2014318205427.hdf,154940562
1483059212,/archive/allData/6/MYD021KM/2014/319/MYD021KM.A2014319.0450.006.2014319161339.hdf,156878803
1483740965,/archive/allData/6/MYD021KM/2014/320/MYD021KM.A2014320.0355.006.2014320163539.hdf,155850573
1483744551,/archive/allData/6/MYD021KM/2014/320/MYD021KM.A2014320.0535.006.2014320164129.hdf,156314963
1483747484,/archive/allData/6/MYD021KM/2014/320/MYD021KM.A2014320.0530.006.2014320164722.hdf,149147215
1484492293,/archive/allData/6/MYD021KM/2014/321/MYD021KM.A2014321.0435.006.2014321180829.hdf,154507139
1484557349,/archive/allData/6/MYD021KM/2014/321/MYD021KM.A2014321.0615.006.2014321194423.hdf,152803304
1484658018,/archive/allData/6/MYD021KM/2014/316/MYD021KM.A2014316.0420.006.2014321222152.hdf,150314806
1484661194,/archive/allData/6/MYD021KM/2014/316/MYD021KM.A2014316.0555.006.2014321222713.hdf,148838771
1485262085,/archive/allData/6/MYD021KM/2014/322/MYD021KM.A2014322.0520.006.2014322225441.hdf,152698137
1487307401,/archive/allData/6/MYD021KM/2014/323/MYD021KM.A2014323.0425.006.2014325001519.hdf,158060617
1487310307,/archive/allData/6/MYD021KM/2014/323/MYD021KM.A2014323.0600.006.2014325001923.hdf,152772257
1487310402,/archive/allData/6/MYD021KM/2014/323/MYD021KM.A2014323.0605.006.2014325001936.hdf,153013173
1487411211,/archive/allData/6/MYD021KM/2014/324/MYD021KM.A2014324.0510.006.2014325025507.hdf,149725518
1487415369,/archive/allData/6/MYD021KM/2014/324/MYD021KM.A2014324.0505.006.2014325025714.hdf,158826108
1488164297,/archive/allData/6/MYD021KM/2014/325/MYD021KM.A2014325.0550.006.2014325192312.hdf,149271584
1490043396,/archive/allData/6/MYD021KM/2014/327/MYD021KM.A2014327.0540.006.2014328133340.hdf,153140997
1490051237,/archive/allData/6/MYD021KM/2014/326/MYD021KM.A2014326.0455.006.2014328134550.hdf,152489811
1490702330,/archive/allData/6/MYD021KM/2014/328/MYD021KM.A2014328.0445.006.2014329014226.hdf,153475984
1490704486,/archive/allData/6/MYD021KM/2014/328/MYD021KM.A2014328.0440.006.2014329014419.hdf,155271812
1490709401,/archive/allData/6/MYD021KM/2014/328/MYD021KM.A2014328.0620.006.2014329014747.hdf,151634053
1491292749,/archive/allData/6/MYD021KM/2014/329/MYD021KM.A2014329.0350.006.2014329161452.hdf,159908886
1491294174,/archive/allData/6/MYD021KM/2014/329/MYD021KM.A2014329.0525.006.2014329161733.hdf,146343481
1492126962,/archive/allData/6/MYD021KM/2014/330/MYD021KM.A2014330.0430.006.2014330191442.hdf,158122768
1492140514,/archive/allData/6/MYD021KM/2014/330/MYD021KM.A2014330.0610.006.2014330195311.hdf,153689923
1492613411,/archive/allData/6/MYD021KM/2014/331/MYD021KM.A2014331.0515.006.2014331184351.hdf,149242405
1493502327,/archive/allData/6/MYD021KM/2014/332/MYD021KM.A2014332.0420.006.2014332212731.hdf,151440761
1493508400,/archive/allData/6/MYD021KM/2014/332/MYD021KM.A2014332.0555.006.2014332213543.hdf,149175210
1494237739,/archive/allData/6/MYD021KM/2014/333/MYD021KM.A2014333.0500.006.2014333162742.hdf,153141433
1494889844,/archive/allData/6/MYD021KM/2014/334/MYD021KM.A2014334.0545.006.2014334161611.hdf,152649899
1495690905,/archive/allData/6/MYD021KM/2014/335/MYD021KM.A2014335.0450.006.2014335222652.hdf,152292538
1496549920,/archive/allData/6/MYD021KM/2014/336/MYD021KM.A2014336.0355.006.2014336194040.hdf,146610720
1496551733,/archive/allData/6/MYD021KM/2014/336/MYD021KM.A2014336.0530.006.2014336194427.hdf,153332046
1497955518,/archive/allData/6/MYD021KM/2014/338/MYD021KM.A2014338.0520.006.2014338173158.hdf,155126554
1498585074,/archive/allData/6/MYD021KM/2014/339/MYD021KM.A2014339.0425.006.2014339175100.hdf,153554728
1498655737,/archive/allData/6/MYD021KM/2014/339/MYD021KM.A2014339.0605.006.2014339200655.hdf,154065970
1498656084,/archive/allData/6/MYD021KM/2014/339/MYD021KM.A2014339.0600.006.2014339200726.hdf,152324543
1499257265,/archive/allData/6/MYD021KM/2014/340/MYD021KM.A2014340.0505.006.2014340163904.hdf,158805829
1499257266,/archive/allData/6/MYD021KM/2014/340/MYD021KM.A2014340.0510.006.2014340163926.hdf,156903578
1500214981,/archive/allData/6/MYD021KM/2014/341/MYD021KM.A2014341.0550.006.2014341190334.hdf,153101566
1500950667,/archive/allData/6/MYD021KM/2014/342/MYD021KM.A2014342.0455.006.2014342174629.hdf,154558329
1500981688,/archive/allData/6/MYD021KM/2014/337/MYD021KM.A2014337.0435.006.2014342192436.hdf,155426063
1500983111,/archive/allData/6/MYD021KM/2014/337/MYD021KM.A2014337.0615.006.2014342192907.hdf,154120483
1501657888,/archive/allData/6/MYD021KM/2014/343/MYD021KM.A2014343.0400.006.2014343174701.hdf,158228364
1501659152,/archive/allData/6/MYD021KM/2014/343/MYD021KM.A2014343.0540.006.2014343175018.hdf,149874596
1502291952,/archive/allData/6/MYD021KM/2014/344/MYD021KM.A2014344.0440.006.2014344193235.hdf,149093903
1502291953,/archive/allData/6/MYD021KM/2014/344/MYD021KM.A2014344.0445.006.2014344193241.hdf,147153734
1502292761,/archive/allData/6/MYD021KM/2014/344/MYD021KM.A2014344.0620.006.2014344193531.hdf,149551891
1502709271,/archive/allData/6/MYD021KM/2014/345/MYD021KM.A2014345.0525.006.2014345164028.hdf,146524056
1503169473,/archive/allData/6/MYD021KM/2014/346/MYD021KM.A2014346.0430.006.2014346191723.hdf,153259466
1503174779,/archive/allData/6/MYD021KM/2014/346/MYD021KM.A2014346.0610.006.2014346192837.hdf,151822290
1503670189,/archive/allData/6/MYD021KM/2014/347/MYD021KM.A2014347.0515.006.2014347174457.hdf,152567512
1504167144,/archive/allData/6/MYD021KM/2014/348/MYD021KM.A2014348.0420.006.2014348194758.hdf,152927822
1504168031,/archive/allData/6/MYD021KM/2014/348/MYD021KM.A2014348.0555.006.2014348195054.hdf,149974741
1504595677,/archive/allData/6/MYD021KM/2014/349/MYD021KM.A2014349.0500.006.2014349173010.hdf,143527818
1505292633,/archive/allData/6/MYD021KM/2014/350/MYD021KM.A2014350.0545.006.2014350200348.hdf,152345284
1506901558,/archive/allData/6/MYD021KM/2014/352/MYD021KM.A2014352.0355.006.2014352221530.hdf,152961329
1506906406,/archive/allData/6/MYD021KM/2014/352/MYD021KM.A2014352.0535.006.2014352222149.hdf,154409060
1506907594,/archive/allData/6/MYD021KM/2014/352/MYD021KM.A2014352.0530.006.2014352222137.hdf,154618861
1507951527,/archive/allData/6/MYD021KM/2014/353/MYD021KM.A2014353.0435.006.2014353184023.hdf,148629218
1508075162,/archive/allData/6/MYD021KM/2014/351/MYD021KM.A2014351.0450.006.2014353211325.hdf,151437219
1508210279,/archive/allData/6/MYD021KM/2014/353/MYD021KM.A2014353.0615.006.2014354005136.hdf,154504300
1509067552,/archive/allData/6/MYD021KM/2014/354/MYD021KM.A2014354.0520.006.2014354183012.hdf,151805079
1510079053,/archive/allData/6/MYD021KM/2014/355/MYD021KM.A2014355.0425.006.2014355170943.hdf,152455788
1510159646,/archive/allData/6/MYD021KM/2014/355/MYD021KM.A2014355.0600.006.2014355192951.hdf,155252193
1510159647,/archive/allData/6/MYD021KM/2014/355/MYD021KM.A2014355.0605.006.2014355193014.hdf,156471252
1510996091,/archive/allData/6/MYD021KM/2014/356/MYD021KM.A2014356.0510.006.2014356202630.hdf,154691880
1510997151,/archive/allData/6/MYD021KM/2014/356/MYD021KM.A2014356.0505.006.2014356202628.hdf,155549053
1513120485,/archive/allData/6/MYD021KM/2014/357/MYD021KM.A2014357.0550.006.2014358152832.hdf,153583062
1513234707,/archive/allData/6/MYD021KM/2014/358/MYD021KM.A2014358.0455.006.2014358200327.hdf,151626490
1514125001,/archive/allData/6/MYD021KM/2014/359/MYD021KM.A2014359.0540.006.2014359165853.hdf,154369672
1514886146,/archive/allData/6/MYD021KM/2014/360/MYD021KM.A2014360.0445.006.2014360163610.hdf,153731949
1514889207,/archive/allData/6/MYD021KM/2014/360/MYD021KM.A2014360.0440.006.2014360163738.hdf,156338895
1514957024,/archive/allData/6/MYD021KM/2014/360/MYD021KM.A2014360.0620.006.2014360192417.hdf,151740519
1515551137,/archive/allData/6/MYD021KM/2014/361/MYD021KM.A2014361.0350.006.2014361162952.hdf,158543253
1515552140,/archive/allData/6/MYD021KM/2014/361/MYD021KM.A2014361.0525.006.2014361163030.hdf,149818283
1516246173,/archive/allData/6/MYD021KM/2014/362/MYD021KM.A2014362.0430.006.2014362162130.hdf,149159735
1516351203,/archive/allData/6/MYD021KM/2014/362/MYD021KM.A2014362.0610.006.2014362191727.hdf,153914214
1517038547,/archive/allData/6/MYD021KM/2014/363/MYD021KM.A2014363.0515.006.2014363163007.hdf,152499475
1518332503,/archive/allData/6/MYD021KM/2014/364/MYD021KM.A2014364.0420.006.2014365124918.hdf,152113658
1518334458,/archive/allData/6/MYD021KM/2014/364/MYD021KM.A2014364.0555.006.2014365125509.hdf,155279896
1518628028,/archive/allData/6/MYD021KM/2014/365/MYD021KM.A2014365.0500.006.2014365213257.hdf,156262393
